City_ID,City,Lat,Lng,Max Temp,Humidity,Cloudiness,Wind Speed,Country,Date
0,waitangi,-43.9535,-176.5597,14.34,93,100,4.02,NZ,1695765897
1,nieuw amsterdam,5.8833,-55.0833,31.01,71,20,5.14,SR,1695765897
2,lebu,-37.6167,-73.65,9.6,65,4,6.58,CL,1695765897
3,lompoc,34.6391,-120.4579,31.68,69,0,12.52,US,1695765897
4,longyearbyen,78.2186,15.6401,-8.09,86,20,3.09,SJ,1695765897
5,sisimiut,66.9395,-53.6735,1.52,70,100,6.1,GL,1695765897
6,grytviken,-54.2811,-36.5092,-1.08,82,16,4.56,GS,1695765897
7,taksimo,56.3444,114.8794,6.7,85,8,1.53,RU,1695765897
8,crane,31.3974,-102.3501,32.34,28,43,2.52,US,1695765897
9,edwardsville,38.8114,-89.9532,32.11,40,40,2.57,US,1695765813
10,bowie,33.4501,-94.4335,31.83,47,0,1.28,US,1695765765
11,port elizabeth,-33.918,25.5701,15.16,68,20,4.63,ZA,1695765898
12,fort-shevchenko,44.5086,50.263,20.03,46,2,5.85,KZ,1695765898
13,bilibino,68.0546,166.4372,-1.45,75,100,2.82,RU,1695765898
14,sol'-iletsk,51.1631,54.9918,13.35,68,1,3.7,RU,1695765898
15,saipan,15.1355,145.701,26.39,94,100,2.06,MP,1695765898
16,puerto ayora,-0.7393,-90.3518,28.98,91,62,4.92,EC,1695765898
17,hammerfest,70.6634,23.6821,10.25,93,75,6.17,NO,1695765899
18,blackmans bay,-43.0167,147.3167,10.41,79,40,1.83,AU,1695765805
19,mahdia,35.5047,11.0622,23.97,66,12,11.79,TN,1695765899
20,hastings,50.8552,0.5729,17.51,47,63,4.11,GB,1695765899
21,port-aux-francais,-49.35,70.2167,1.81,80,94,17.86,TF,1695765899
22,mutare,-18.9707,32.6709,20.24,64,72,1.03,ZW,1695765899
23,sittwe,20.15,92.9,27.04,89,90,2.33,MM,1695765899
24,papatowai,-46.5619,169.4708,8.81,78,99,3.17,NZ,1695765900
25,al hufuf,25.3646,49.5653,30.19,74,0,0.0,SA,1695765900
26,jamestown,42.097,-79.2353,17.77,75,100,3.6,US,1695765034
27,stanley,54.868,-1.6985,12.93,88,40,3.6,GB,1695765900
28,espinosa,-14.9261,-42.8192,30.94,25,86,2.7,BR,1695765900
29,edinburgh of the seven seas,-37.0676,-12.3116,13.25,75,0,8.85,SH,1695765900
30,iqaluit,63.7506,-68.5145,7.85,75,100,3.09,CA,1695765900
31,adamstown,-25.066,-130.1015,20.99,68,78,6.87,PN,1695765901
32,gwangju,35.1547,126.9156,20.76,96,84,0.41,KR,1695765651
33,vernon,50.2581,-119.2691,19.23,82,38,1.03,CA,1695765667
34,talagutong,6.2644,125.6678,26.61,76,99,1.44,PH,1695765901
35,mount pearl,47.5166,-52.7813,9.52,84,100,7.72,CA,1695765902
36,zakynthos,37.7914,20.8953,20.36,78,100,4.88,GR,1695765902
37,hermanus,-34.4187,19.2345,12.65,80,0,4.32,ZA,1695765903
38,touros,-5.1989,-35.4608,25.45,80,29,6.83,BR,1695765903
39,yatou,37.15,122.3833,19.12,92,37,2.12,CN,1695765903
40,taiynsha,53.8478,69.7639,11.65,91,90,2.56,KZ,1695765904
41,college,64.8569,-147.8028,10.11,61,40,0.45,US,1695765621
42,port blair,11.6667,92.75,25.02,94,75,3.6,IN,1695765904
43,port saint john's,-31.6229,29.5448,16.45,58,59,9.21,ZA,1695765905
44,kangaba,11.9333,-8.4167,25.54,72,78,1.56,ML,1695765905
45,funafuti,-8.5243,179.1942,31.0,84,75,3.09,TV,1695765906
46,cururupu,-1.8283,-44.8683,25.43,78,11,2.07,BR,1695765906
47,kodiak,57.79,-152.4072,11.73,47,40,5.14,US,1695765906
48,tatarsk,55.219,75.9828,10.19,88,99,2.78,RU,1695765907
49,rudnyy,52.9594,63.1206,6.13,69,0,3.1,KZ,1695765907
50,lycksele,64.5954,18.6735,3.93,93,2,0.0,SE,1695765907
51,san patricio,28.017,-97.5169,35.4,44,48,4.39,US,1695765907
52,antonio enes,-16.2325,39.9086,23.74,82,1,5.43,MZ,1695765908
53,arraial do cabo,-22.9661,-42.0278,22.98,88,0,5.66,BR,1695765717
54,georgetown,5.4112,100.3354,24.99,100,20,0.0,MY,1695765908
55,albany,42.6001,-73.9662,17.96,68,96,1.7,US,1695765664
56,ancud,-41.8697,-73.8203,9.47,77,100,11.21,CL,1695765630
57,gamba,-2.65,10.0,24.4,89,100,3.78,GA,1695765909
58,sitangkai,4.6628,119.3928,26.49,79,97,6.77,PH,1695765909
59,raduzhny,62.0961,77.475,7.25,90,100,5.11,RU,1695765909
60,ribeira grande,38.5167,-28.7,20.99,85,92,3.58,PT,1695765909
61,fale old settlement,-9.3852,-171.2468,27.56,80,86,4.94,TK,1695765910
62,bethel,41.3712,-73.414,16.54,71,79,0.89,US,1695765910
63,rongelap,11.1635,166.8941,28.74,77,100,6.58,MH,1695765910
64,rebrikha,53.0733,82.3408,2.3,82,0,1.94,RU,1695765910
65,tarko-sale,64.9225,77.785,2.22,85,27,4.02,RU,1695765911
66,novaya balakhna,56.4906,43.5919,6.0,81,100,2.37,RU,1695765911
67,puerto natales,-51.7236,-72.4875,7.25,81,100,2.57,CL,1695765911
68,geraldton,-28.7667,114.6,10.23,87,0,3.6,AU,1695765911
69,kapa'a,22.0752,-159.319,29.99,62,0,7.2,US,1695765912
70,lappeenranta,61.0587,28.1887,12.53,100,40,2.06,FI,1695765801
71,mammoth lakes,37.6485,-118.9721,23.4,14,0,5.14,US,1695765912
72,benghazi,32.1167,20.0667,24.36,59,4,7.3,LY,1695765912
73,qaqortoq,60.7167,-46.0333,3.45,58,0,0.25,GL,1695765912
74,soto la marina,23.7667,-98.2167,34.84,38,8,7.7,MX,1695765913
75,pacific grove,36.6177,-121.9166,28.64,80,20,5.36,US,1695765913
76,kourou,5.1552,-52.6478,28.03,77,86,4.05,GF,1695765913
77,tiksi,71.6872,128.8694,-1.53,74,80,10.73,RU,1695765913
78,ilulissat,69.2167,-51.1,-0.99,64,40,5.14,GL,1695765913
79,puerto baquerizo moreno,-0.9,-89.6,26.55,74,75,7.2,EC,1695765913
80,udachny,66.4167,112.4,1.36,100,100,4.97,RU,1695765914
81,kenai,60.5544,-151.2583,11.19,47,0,3.09,US,1695765914
82,tenenkou,14.4572,-4.9169,30.75,44,45,1.07,ML,1695765914
83,ushuaia,-54.8,-68.3,3.81,75,75,10.29,AR,1695765723
84,constantia,44.1833,28.65,20.39,68,12,8.12,RO,1695765914
85,praia da vitoria,38.7333,-27.0667,21.14,88,75,6.98,PT,1695765914
86,nadi,-17.8,177.4167,27.0,74,75,5.14,FJ,1695765914
87,midvagur,62.0511,-7.1939,10.46,93,100,3.09,FO,1695765915
88,tralee,52.2704,-9.7026,10.03,94,95,2.73,IE,1695765915
89,chiroqchi,39.0336,66.5722,16.15,28,3,1.4,UZ,1695765915
90,newman,37.3138,-121.0208,29.02,47,2,4.02,US,1695765915
91,mangrol,21.1167,70.1167,26.43,78,98,3.7,IN,1695765915
92,west island,-12.1568,96.8225,25.99,83,100,4.63,CC,1695765915
93,santiago de cao,-7.9589,-79.2392,21.07,83,31,4.63,PE,1695765916
94,afaahiti,-17.75,-149.2833,27.93,87,85,6.58,PF,1695765916
95,mar del plata,-38.0023,-57.5575,11.16,93,100,0.0,AR,1695765916
96,aasiaat,68.7098,-52.8699,-3.02,80,97,5.71,GL,1695765916
97,castillos,-34.1667,-53.8333,10.25,94,100,5.82,UY,1695765917
98,badger,64.8,-147.5333,10.07,64,75,3.09,US,1695765917
99,buka,40.8108,69.1986,16.18,28,2,0.46,UZ,1695765917
100,olonkinbyen,70.9221,-8.7187,4.06,80,66,7.36,SJ,1695765917
101,kapuskasing,49.4169,-82.4331,21.0,37,20,3.09,CA,1695765917
102,codrington,-38.2667,141.9667,11.11,68,28,4.75,AU,1695765917
103,wladyslawowo,54.7909,18.4009,16.08,86,26,2.34,PL,1695765918
104,hafar al-batin,28.4328,45.9708,31.32,19,0,4.12,SA,1695765918
105,cabo san lucas,22.8909,-109.9124,35.9,58,1,2.86,MX,1695765781
106,nova sintra,14.8667,-24.7167,23.98,80,85,6.58,CV,1695765918
107,la passe,45.5549,-0.8967,18.32,89,21,2.81,FR,1695765918
108,whitehorse,60.7161,-135.0538,6.43,85,100,1.54,CA,1695765679
109,nema,57.5067,50.5011,8.22,90,100,2.43,RU,1695765919
110,lincoln city,44.9582,-124.0179,16.08,85,94,7.6,US,1695765859
111,wailua homesteads,22.0669,-159.378,29.24,63,0,7.2,US,1695765919
112,darwin,-12.4611,130.8418,23.83,88,0,1.03,AU,1695765861
113,hawaiian paradise park,19.5933,-154.9731,27.15,75,75,4.12,US,1695765919
114,port hueneme,34.1478,-119.1951,33.59,48,0,4.12,US,1695765919
115,lucapa,-8.4192,20.7447,20.73,88,32,1.0,AO,1695765920
116,margaret river,-33.95,115.0667,11.67,67,0,3.17,AU,1695765920
117,happy valley-goose bay,53.3168,-60.3315,10.17,81,75,1.54,CA,1695765920
118,oranjemund,-28.55,16.4333,13.63,88,0,4.88,NA,1695765920
119,loch garman,52.3342,-6.4575,13.83,98,65,1.34,IE,1695765920
120,dryden,49.7833,-92.7503,21.16,49,20,3.6,CA,1695765732
121,santa cruz,-17.8,-63.1667,33.03,49,20,8.23,BO,1695765883
122,utrik,11.2278,169.8474,28.26,78,100,6.81,MH,1695765921
123,garoowe,8.4054,48.4845,25.48,63,69,7.81,SO,1695765921
124,tsiombe,-25.3,45.4833,23.17,61,78,2.47,MG,1695765921
125,dumai,1.6833,101.45,22.05,89,47,1.28,ID,1695765921
126,shahrak,34.1074,64.3052,5.62,40,0,1.38,AF,1695765921
127,keflavik,64.0049,-22.5624,11.95,71,0,6.69,IS,1695765921
128,carnarvon,-24.8667,113.6333,21.86,41,0,3.32,AU,1695765922
129,anadyr,64.75,177.4833,4.28,86,40,2.0,RU,1695765922
130,saudarkrokur,65.7461,-19.6394,6.21,91,100,3.45,IS,1695765922
131,bikenibeu village,1.3673,173.1241,28.98,84,75,4.63,KI,1695765923
132,gandajika,-6.75,23.95,23.93,63,2,1.42,CD,1695765923
133,umm kaddadah,13.6017,26.6876,31.48,34,65,5.81,SD,1695765923
134,vorgashor,67.5833,63.95,2.09,85,97,2.44,RU,1695765923
135,enewetak,11.3474,162.3373,28.71,77,100,5.78,MH,1695765923
136,carutapera,-1.195,-46.02,26.7,75,6,4.29,BR,1695765818
137,invercargill,-46.4,168.35,9.45,78,35,2.24,NZ,1695765924
138,freetown,8.484,-13.2299,26.19,88,78,2.37,SL,1695765924
139,mejit,10.2753,170.8646,26.9,86,100,8.58,MH,1695765924
140,robertsport,6.7533,-11.3686,26.48,85,2,2.81,LR,1695765925
141,selfoss,63.9331,-20.9971,10.02,79,98,10.19,IS,1695765660
142,magistral'nyy,56.1725,107.4458,6.37,96,55,1.78,RU,1695765925
143,kiffa,16.6166,-11.4045,37.44,27,71,5.27,MR,1695765925
144,ust-nera,64.5667,143.2,1.78,91,78,2.87,RU,1695765925
145,new norfolk,-42.7826,147.0587,11.07,72,34,1.69,AU,1695765925
146,monrovia,6.3005,-10.7969,26.87,88,14,2.31,LR,1695765774
147,atafu village,-8.5421,-172.5159,28.16,71,37,2.48,TK,1695765926
148,al mawsil al jadidah,36.3346,43.0978,29.17,20,6,2.09,IQ,1695765926
149,hasaki,35.7333,140.8333,22.94,84,45,0.91,JP,1695765926
150,bozeman,45.6796,-111.0386,27.68,19,0,10.29,US,1695765765
151,pisco,-13.7,-76.2167,21.03,68,0,8.75,PE,1695765927
152,rossosh',51.1209,38.5116,14.11,71,10,3.12,RU,1695765927
153,yarkovo,57.4028,67.0786,11.11,62,100,1.76,RU,1695765927
154,iquique,-20.2208,-70.1431,19.02,76,34,3.38,CL,1695765928
155,mount isa,-20.7333,139.5,22.87,31,2,3.6,AU,1695765668
156,queenstown,-31.8976,26.8753,6.8,81,68,2.0,ZA,1695765928
157,nanao,37.05,136.9667,21.85,92,100,4.4,JP,1695765928
158,punta arenas,-53.15,-70.9167,7.01,75,75,5.14,CL,1695765929
159,bethanie,-26.4833,17.15,13.67,28,0,2.67,NA,1695765929
160,flin flon,54.7682,-101.865,21.91,56,20,5.66,CA,1695765929
161,sorong,-0.8833,131.25,25.94,86,100,5.76,ID,1695765929
162,keelung,25.1283,121.7419,27.81,88,3,2.67,TW,1695765930
163,kasane,-17.8167,25.15,25.09,17,88,2.66,BW,1695765930
164,filipstad,59.7124,14.1683,11.64,91,100,1.9,SE,1695765930
165,bredasdorp,-34.5322,20.0403,11.89,82,75,1.33,ZA,1695765930
166,sandnessjoen,66.0217,12.6316,8.29,75,30,6.92,NO,1695765930
167,opuwo,-18.0607,13.84,18.67,15,0,1.58,NA,1695765930
168,kayangel,8.0823,134.7173,27.33,83,100,9.57,PW,1695765931
169,oltinko'l,40.8011,72.1634,17.66,26,0,1.76,UZ,1695765931
170,muana,-1.5283,-49.2167,30.16,56,2,3.9,BR,1695765931
171,mana,5.6592,-53.7767,28.0,80,85,4.96,GF,1695765931
172,lepsy,46.235,78.9456,13.32,54,77,4.81,KZ,1695765931
173,north platte,41.1239,-100.7654,25.6,46,4,3.58,US,1695765707
174,muynoq,43.7683,59.0214,17.66,68,0,5.05,UZ,1695765932
175,puerto leguizamo,-0.1934,-74.7819,29.74,61,76,0.89,CO,1695765932
176,lata,40.1629,-8.3327,17.18,78,62,0.77,PT,1695765932
177,center,31.5107,-96.4247,35.22,46,0,1.79,US,1695765932
178,wynyard,-41.0,145.7167,10.13,69,100,1.19,AU,1695765932
179,post,33.1909,-101.3782,31.65,25,0,0.99,US,1695765933
180,isafjordur,66.0755,-23.124,4.91,97,100,14.77,IS,1695765933
181,yellowknife,62.456,-114.3525,8.29,100,75,5.14,CA,1695765778
182,hohhot,40.8106,111.6522,12.16,28,0,3.0,CN,1695765933
183,brisas de zicatela,15.8369,-97.0419,31.29,55,20,1.54,MX,1695765933
184,sao joao da barra,-21.6403,-41.0511,25.05,88,37,7.44,BR,1695765933
185,arkhara,49.4212,130.0842,11.37,97,88,3.62,RU,1695765933
186,fray luis a. beltran,-32.7912,-60.7282,16.98,51,0,7.2,AR,1695765934
187,gadzhiyevo,69.2551,33.3362,9.27,91,96,6.7,RU,1695765934
188,neryungri,56.6709,124.6491,4.48,88,99,1.89,RU,1695765934
189,colonia,50.9333,6.95,17.87,82,0,1.03,DE,1695765934
190,port alfred,-33.5906,26.891,13.43,92,100,2.24,ZA,1695765934
191,revda,56.801,59.9303,6.4,91,66,1.63,RU,1695765934
192,coro,11.4045,-69.6734,29.82,73,72,9.08,VE,1695765935
193,ghanzi,-21.5667,21.7833,14.18,40,0,4.9,BW,1695765935
194,murashi,59.3999,48.9615,8.39,88,100,2.55,RU,1695765935
195,saint-sulpice-la-pointe,43.7742,1.6874,21.27,70,66,1.27,FR,1695765935
196,hamilton,39.1834,-84.5333,27.72,57,75,4.12,US,1695765935
197,ostuni,40.7276,17.5764,21.99,84,62,7.23,IT,1695765935
198,kalianget,-7.05,113.9333,25.72,70,21,5.47,ID,1695765936
199,vecumnieki,56.6064,24.5222,15.83,84,78,2.44,LV,1695765936
200,flying fish cove,-10.4217,105.6791,23.82,83,100,5.66,CX,1695765936
201,pokhvistnevo,53.6524,52.1274,12.33,73,100,1.37,RU,1695765696
202,scottburgh,-30.2867,30.7532,17.4,51,44,7.0,ZA,1695765936
203,remire-montjoly,4.9167,-52.2667,28.02,83,0,1.03,GF,1695765936
204,sandefjord,59.1312,10.2167,15.15,97,75,3.6,NO,1695765936
205,san antonio de pale,-1.4014,5.6325,24.69,86,36,5.47,GQ,1695765936
206,kingston,17.997,-76.7936,32.53,73,20,7.72,JM,1695765903
207,ghormach,35.7306,63.7826,16.38,27,3,1.54,AF,1695765937
208,palikir - national government center,6.9248,158.1611,29.41,84,40,2.06,FM,1695765928
209,portland,45.5234,-122.6762,19.56,72,75,4.47,US,1695765300
210,chegdomyn,51.1167,133.0167,9.38,95,100,0.89,RU,1695765937
211,tolanaro,-25.0319,46.9987,23.04,73,20,7.2,MG,1695765937
212,ongjin,37.9347,125.3619,18.71,85,55,2.02,KP,1695765937
213,port lincoln,-34.7333,135.8667,13.37,67,77,5.78,AU,1695765937
214,jiuquan,39.7432,98.5174,10.4,45,75,0.74,CN,1695765937
215,kununurra,-15.7667,128.7333,20.99,83,43,3.09,AU,1695765938
216,susuman,62.7833,148.1667,-2.28,78,59,0.93,RU,1695765938
217,howrah,22.5892,88.3103,28.0,89,40,0.0,IN,1695765938
218,port mathurin,-19.6833,63.4167,22.74,66,1,9.38,MU,1695765938
219,nuku'alofa,-21.1333,-175.2,26.19,78,20,6.69,TO,1695765938
220,bintulu,3.1667,113.0333,24.23,94,20,1.03,MY,1695765938
221,cockburn town,21.4612,-71.1419,29.21,76,67,7.83,TC,1695765938
222,brookings,44.3114,-96.7984,19.19,78,100,5.14,US,1695765677
223,tsirang,27.0219,90.1229,15.64,93,4,2.0,BT,1695765939
224,russkaya polyana,49.417,31.9201,15.93,62,10,2.62,UA,1695765939
225,daokou,35.5639,114.5058,17.62,91,99,2.42,CN,1695765939
226,fort bragg,35.139,-79.006,23.28,75,100,5.66,US,1695765738
227,bamboo flat,11.7,92.7167,25.05,94,75,3.6,IN,1695765939
228,petropavlovsk-kamchatsky,53.0452,158.6483,7.33,71,0,4.0,RU,1695765939
229,tura,25.5198,90.2201,23.16,94,24,1.19,IN,1695765939
230,huilong,31.8111,121.655,24.4,85,100,1.04,CN,1695765940
231,klyuchi,52.2667,79.1667,4.57,74,4,3.41,RU,1695765940
232,luderitz,-26.6481,15.1594,18.27,49,0,7.05,NA,1695765940
233,iskateley,67.6803,53.1512,9.17,96,100,4.92,RU,1695765940
234,yur'yev-pol'skiy,56.5,39.6833,9.84,81,100,2.89,RU,1695765940
235,yuzhno-kurilsk,44.0306,145.8556,16.16,89,47,1.98,RU,1695765940
236,kyabe,9.4515,18.9449,24.34,91,83,1.24,TD,1695765940
237,avarua,-21.2078,-159.775,25.03,61,20,8.75,CK,1695765940
238,puerto deseado,-47.7503,-65.8938,13.39,37,86,6.84,AR,1695765940
239,amlagora,22.8333,87.3333,25.58,96,41,2.19,IN,1695765941
240,melekeok village,7.4957,134.6367,27.31,83,100,8.23,PW,1695765941
241,ola,59.5833,151.2833,5.67,66,74,2.33,RU,1695765941
242,faya-largeau,17.9257,19.1043,32.83,11,3,3.89,TD,1695765941
243,puerto san jose,13.9256,-90.8244,29.79,69,30,2.91,GT,1695765941
244,vila franca do campo,37.7167,-25.4333,23.82,99,93,6.23,PT,1695765941
245,lubny,50.0163,32.9969,15.55,68,8,3.26,UA,1695765941
246,thompson,55.7435,-97.8558,22.09,56,75,4.12,CA,1695765942
247,kedrovyy,56.1667,91.8167,5.23,78,100,0.67,RU,1695765942
248,kirensk,57.7853,108.1119,5.51,91,26,1.97,RU,1695765942
249,haiku-pauwela,20.9219,-156.3051,28.01,58,40,10.8,US,1695765942
250,joshua tree,34.1347,-116.3131,35.39,11,0,2.24,US,1695765942
251,pola de lena,43.1609,-5.8288,17.81,78,81,1.91,ES,1695765942
252,saint-joseph,-21.3667,55.6167,19.21,75,11,4.7,RE,1695765942
253,mwingi,-0.9344,38.0601,19.7,73,46,3.36,KE,1695765943
254,mossel bay,-34.1831,22.146,12.96,74,24,1.39,ZA,1695765943
255,tazovsky,67.4667,78.7,1.06,74,57,6.74,RU,1695765943
256,akureyri,65.6835,-18.0878,6.96,81,100,4.63,IS,1695765846
257,lazaro cardenas,17.9583,-102.2,30.79,67,7,2.57,MX,1695765943
258,esmeraldas,-19.7625,-44.3139,32.58,32,99,1.13,BR,1695765943
259,kinango,-4.1372,39.3153,20.81,97,46,1.76,KE,1695765943
260,talnakh,69.4865,88.3972,0.67,99,100,5.24,RU,1695765943
261,fuyu,45.1833,124.8167,15.04,86,59,3.35,CN,1695765943
262,bijapur,16.8333,75.7,23.79,81,95,3.2,IN,1695765944
263,bucerias,20.75,-105.3333,33.32,75,24,4.24,MX,1695765715
264,neuwied,50.4333,7.4667,17.68,89,100,0.9,DE,1695765944
265,pulivendla,14.4167,78.2333,25.81,73,15,5.18,IN,1695765944
266,hatillo,18.4863,-66.8254,31.12,82,3,3.58,PR,1695765944
267,vila velha,-20.3297,-40.2925,24.97,89,40,4.63,BR,1695765944
268,yanam,16.7333,82.2167,25.38,93,96,0.4,IN,1695765944
269,smithers,54.7804,-127.1743,14.18,62,100,3.09,CA,1695765912
270,ain el bya,35.8039,-0.3018,21.27,73,0,5.52,DZ,1695765944
271,buala,-8.145,159.5921,28.19,75,69,5.81,SB,1695765945
272,chimichagua,9.2578,-73.8123,31.98,66,86,1.43,CO,1695765945
273,the pas,53.8251,-101.2541,22.01,60,40,7.72,CA,1695765945
274,nadym,65.5333,72.5167,2.89,86,98,2.17,RU,1695765945
275,kamloops,50.6665,-120.3192,19.86,38,75,6.69,CA,1695765719
276,beira,-19.8436,34.8389,24.05,88,0,5.36,MZ,1695765945
277,pirane,-25.7324,-59.1088,22.15,66,34,8.0,AR,1695765673
278,sainte-marie,-20.8968,55.5496,21.07,69,20,6.17,RE,1695765945
279,ulladulla,-35.35,150.4667,15.92,91,96,0.1,AU,1695765946
280,labrador city,52.9463,-66.9114,15.95,39,20,3.6,CA,1695765946
281,bykovo,55.6361,38.0803,12.93,100,20,1.0,RU,1695765946
282,al ghayzah,16.2079,52.176,25.75,84,64,2.08,YE,1695765946
283,sitka,57.0531,-135.33,13.94,72,100,1.54,US,1695765900
284,nelson bay,-32.7167,152.15,20.0,95,38,2.24,AU,1695765946
285,ouarzazat,30.9189,-6.8934,29.16,21,0,3.09,MA,1695765946
286,ushtobe,45.2514,77.9838,13.65,53,5,2.87,KZ,1695765946
287,chonchi,-42.6128,-73.8092,8.95,87,100,3.24,CL,1695765947
288,grand falls-windsor,48.9332,-55.6649,8.61,83,3,2.71,CA,1695765947
289,klaksvik,62.2266,-6.589,10.51,89,100,3.5,FO,1695765947
290,whitecourt,54.1502,-115.6855,19.58,27,75,6.69,CA,1695765913
291,shixing,24.9482,114.0657,24.06,96,82,1.03,CN,1695765947
292,ribeira brava,32.65,-17.0667,23.73,86,69,0.78,PT,1695765947
293,badiyah,22.45,58.8,23.82,68,100,0.09,OM,1695765948
294,nar'yan-mar,67.6713,53.087,9.23,96,100,4.88,RU,1695765948
295,taoudenni,22.6783,-3.9836,37.75,9,8,3.74,ML,1695765948
296,grand rapids,42.9634,-85.6681,21.76,84,100,4.12,US,1695765411
297,pointe aux piments,-20.0628,57.5131,23.07,68,36,7.99,MU,1695765949
298,salahonda,2.1019,-78.7217,27.23,82,100,5.61,CO,1695765949
299,paceco,37.9787,12.5566,21.43,70,0,7.52,IT,1695765949
300,bagneres-de-bigorre,43.0667,0.15,15.83,88,0,3.09,FR,1695765949
301,kumi,36.1136,128.336,20.82,97,99,0.23,KR,1695765949
302,sabancuy,18.9667,-91.1833,29.72,65,22,4.7,MX,1695765949
303,harper,4.375,-7.7169,25.07,89,16,3.02,LR,1695765950
304,kuanda,56.3161,116.0806,5.72,87,35,1.11,RU,1695765950
305,el calafate,-50.3408,-72.2768,5.84,81,100,3.71,AR,1695765950
306,nyurba,63.2842,118.3319,2.57,79,94,2.16,RU,1695765950
307,villa gesell,-37.2639,-56.973,8.87,82,100,0.99,AR,1695765950
308,san vicente,-26.6167,-54.1333,29.85,38,61,2.96,AR,1695765951
309,champerico,14.3,-91.9167,32.3,68,6,3.34,GT,1695765951
310,san fernando de apure,7.8878,-67.4724,28.64,82,74,1.67,VE,1695765813
311,beypazari,40.1675,31.9211,20.52,35,4,2.29,TR,1695765951
312,lensk,60.7253,114.9278,4.97,76,78,1.23,RU,1695765951
313,borzya,50.3833,116.5167,8.16,87,100,6.09,RU,1695765952
314,st. john's,47.5649,-52.7093,9.98,84,100,8.05,CA,1695765935
315,bukoba,-1.3317,31.8122,20.23,83,22,3.53,TZ,1695765953
316,alo,7.4178,6.7371,25.67,86,54,0.81,NG,1695765954
317,valparaiso,-33.0393,-71.6273,16.67,63,20,9.77,CL,1695765935
318,frederico westphalen,-27.3592,-53.3944,26.36,70,84,4.73,BR,1695765666
319,howard springs,-12.497,131.047,23.79,73,60,1.89,AU,1695765954
320,tadine,-21.55,167.8833,21.22,53,58,5.65,NC,1695765954
321,kisangani,0.5167,25.2,22.23,85,70,1.23,CD,1695765954
322,atherton,53.5237,-2.4935,14.6,81,92,0.89,GB,1695765954
323,simpang,-1.2667,104.0833,23.14,87,74,1.8,ID,1695765955
324,akrehamn,59.2667,5.1833,15.23,88,75,11.83,NO,1695765955
325,mancio lima,-7.6142,-72.8958,34.04,52,40,2.57,BR,1695765955
326,east end,34.5507,-92.341,34.52,44,0,2.09,US,1695765955
327,ormara,25.2088,64.6357,26.43,70,25,2.68,PK,1695765955
328,hadibu,12.65,54.0333,26.38,85,51,3.51,YE,1695765956
329,murzuq,25.9155,13.9184,25.98,22,0,4.28,LY,1695765956
330,roma,43.2128,-75.4557,18.23,64,0,1.54,US,1695765790
331,lerwick,60.1545,-1.1494,12.0,87,67,5.31,GB,1695765956
332,ilhabela,-23.7781,-45.3581,22.93,96,87,2.79,BR,1695765703
333,hithadhoo,-0.6,73.0833,27.62,78,12,6.91,MV,1695765956
334,tamanrasset,22.785,5.5228,27.95,11,0,5.14,DZ,1695765956
335,chibougamau,49.9168,-74.3659,15.79,48,0,2.06,CA,1695765735
336,shetpe,44.1667,52.1167,18.07,32,0,2.67,KZ,1695765956
337,mitchell,43.7094,-98.0298,19.3,56,92,3.62,US,1695765691
338,gualaceo,-2.9,-78.7833,24.81,78,52,2.77,EC,1695765957
339,behshahr,36.6923,53.5526,20.97,86,89,2.66,IR,1695765957
340,vilyuchinsk,52.9306,158.4028,8.15,71,11,3.96,RU,1695765957
341,richards bay,-28.783,32.0377,19.2,59,0,8.13,ZA,1695765957
342,taulaga,-11.0553,-171.0883,27.67,80,74,9.67,AS,1695765957
343,khed,17.7167,73.3833,23.91,97,100,0.7,IN,1695765957
344,siwa oasis,29.2041,25.5195,28.68,31,0,5.1,EG,1695765957
345,veraval,20.9,70.3667,26.45,80,100,3.87,IN,1695765958
346,santa maria do para,-1.3503,-47.5756,27.35,69,51,4.55,BR,1695765958
347,munuf,30.4658,30.9316,23.21,69,8,2.39,EG,1695765958
348,ebon,4.582,168.6964,28.98,76,95,5.63,MH,1695765958
349,maceio,-9.6658,-35.7353,24.69,88,0,2.57,BR,1695765730
350,usogorsk,63.4106,48.6872,10.89,91,99,4.44,RU,1695765958
351,mariental,-24.6333,17.9667,13.55,34,0,4.99,NA,1695765958
352,nemuro,43.3236,145.575,16.61,89,93,0.2,JP,1695765958
353,fort st. john,56.2499,-120.8529,15.94,55,40,2.06,CA,1695765741
354,zabaykal'sk,49.6333,117.3167,4.78,85,65,2.06,RU,1695765959
355,san angelo,31.4638,-100.437,33.36,37,0,1.79,US,1695765959
356,rabo de peixe,37.8,-25.5833,23.32,99,75,7.72,PT,1695765959
357,hinton,53.4001,-117.5857,17.14,34,28,3.27,CA,1695765959
358,date,42.4681,140.8681,18.41,85,100,1.12,JP,1695765959
359,rovnoye,50.7765,46.0509,15.39,74,30,3.0,RU,1695765959
360,weno,7.4515,151.8468,29.97,79,75,3.09,FM,1695765959
361,hoemul-li,41.4339,129.67,16.69,80,0,1.14,KP,1695765960
362,bubaque,11.2833,-15.8333,28.12,78,53,4.15,GW,1695765960
363,al bawiti,28.3492,28.8659,26.1,32,2,3.59,EG,1695765960
364,pula,44.8683,13.8481,23.31,53,0,6.17,HR,1695765960
365,lagos,6.5833,3.75,25.63,91,100,2.65,NG,1695765300
366,vadso,70.0744,29.7487,12.49,82,75,3.6,NO,1695765960
367,caluula,11.9661,50.7569,29.92,64,26,0.38,SO,1695765960
368,kyotera,-0.6156,31.5175,18.79,88,18,2.44,UG,1695765960
369,christchurch,-43.5333,172.6333,8.11,82,100,6.69,NZ,1695765605
370,kokomo,40.4864,-86.1336,21.75,94,75,2.06,US,1695765920
371,saint-philippe,-21.3585,55.7679,19.77,80,22,4.6,RE,1695765961
372,arsen'yev,44.1631,133.2733,13.06,92,18,1.02,RU,1695765961
373,amasya,40.6667,35.8333,14.82,93,50,1.07,TR,1695765961
374,ust-tsilma,65.441,52.1498,11.03,90,100,4.2,RU,1695765961
375,papao,-17.75,-149.55,28.82,86,44,7.71,PF,1695765961
376,maksatikha,57.797,35.8825,8.12,85,94,1.74,RU,1695765961
377,soe,-9.8607,124.284,17.92,62,64,2.06,ID,1695765962
378,mitu,1.1983,-70.1733,28.64,71,88,0.28,CO,1695765962
379,menaka,15.9182,2.4022,36.73,24,19,3.66,ML,1695765962
380,gevrai,19.2667,75.75,24.6,86,100,1.62,IN,1695765962
381,torzhok,57.0436,34.9622,8.74,84,90,2.0,RU,1695765962
382,ain fakroun,35.9711,6.8737,14.36,81,3,2.43,DZ,1695765963
383,archangelos,36.2149,28.1149,24.06,79,0,2.89,GR,1695765963
384,koubia,11.5833,-11.9,21.05,92,59,0.69,GN,1695765963
385,buulobarde,3.8538,45.5674,25.03,76,80,7.32,SO,1695765963
386,arish,31.1316,33.7984,25.84,70,0,1.49,EG,1695765963
387,bac lieu,9.285,105.7244,25.72,87,96,5.25,VN,1695765964
388,kismayo,-0.3582,42.5454,25.29,84,62,5.79,SO,1695765964
389,upington,-28.4478,21.2561,15.21,41,0,4.12,ZA,1695765874
390,rio grande,-32.035,-52.0986,13.3,90,100,10.01,BR,1695765741
391,xiongzhou,25.1167,114.3,24.04,95,33,0.63,CN,1695765964
392,baoqing,46.3317,132.2111,14.52,90,83,3.1,CN,1695765964
393,zaozersk,69.4005,32.4476,9.56,91,99,7.08,RU,1695765964
394,bafia,4.75,11.2333,21.45,97,11,0.82,CM,1695765964
395,masterton,-40.9597,175.6575,9.38,98,100,6.3,NZ,1695765965
396,zeya,53.75,127.2667,9.33,94,100,1.7,RU,1695765965
397,vilyuysk,63.7553,121.6247,2.31,84,90,2.32,RU,1695765965
398,gulbene,57.1777,26.7529,10.95,88,85,1.6,LV,1695765965
399,hiratacho,35.4333,132.8167,22.01,100,75,2.06,JP,1695765965
400,sao gabriel da cachoeira,-0.1303,-67.0892,29.24,71,80,0.92,BR,1695765965
401,kristiansund,63.1115,7.732,13.36,67,75,1.54,NO,1695765966
402,el porvenir,13.7617,-87.3458,29.63,71,72,1.03,HN,1695765966
403,kaa-khem,51.6833,94.7333,3.47,69,99,0.56,RU,1695765966
404,yinchuan,38.4681,106.2731,16.05,23,100,4.55,CN,1695765815
405,shache,38.4167,77.2406,14.84,22,83,2.05,CN,1695765966
406,uturoa,-16.7333,-151.4333,25.57,79,46,7.35,PF,1695765966
407,mount gambier,-37.8333,140.7667,10.27,68,29,2.84,AU,1695765853
408,aldama,22.9167,-98.0667,34.72,46,5,5.88,MX,1695765966
409,inari,68.906,27.0288,11.11,79,53,6.25,FI,1695765966
410,anna regina,7.2644,-58.5077,28.22,78,25,3.14,GY,1695765967
411,xinqing,48.2333,129.5,12.58,96,100,1.2,CN,1695765967
412,balykshi,47.0667,51.8667,16.0,55,0,2.0,KZ,1695765967
413,illizi,26.4833,8.4667,28.89,23,0,2.33,DZ,1695765967
414,mashhad,36.297,59.6062,17.08,42,0,2.06,IR,1695765967
415,kerikeri,-35.2268,173.9474,15.51,74,40,2.24,NZ,1695765967
416,elverum,60.8819,11.5623,10.87,97,58,2.21,NO,1695765967
417,taghazout,30.5426,-9.7112,22.43,87,0,3.86,MA,1695765968
418,okhotsk,59.3833,143.3,5.34,56,86,3.77,RU,1695765968
419,callao,-12.0667,-77.15,20.16,73,100,5.14,PE,1695765968
420,raipur,21.2333,81.6333,24.43,86,97,0.61,IN,1695765968
421,parnu,58.3859,24.4971,14.05,82,100,2.06,EE,1695765915
422,polyarnyy,69.1989,33.4478,9.44,92,90,6.32,RU,1695765969
423,muisne,0.6,-80.0333,26.09,79,71,4.29,EC,1695765969
424,pangoa,-12.1167,-73.0,30.15,51,66,1.15,PE,1695765969
425,jhanjharpur,26.2667,86.2833,26.14,81,98,1.91,IN,1695765969
426,alofi,-19.0595,-169.9187,26.94,57,40,6.69,NU,1695765970
427,isla mujeres,21.2311,-86.731,25.09,81,100,3.31,MX,1695765970
428,okakarara,-20.5833,17.4333,12.4,33,0,1.6,NA,1695765970
429,egilsstadir,65.2653,-14.3948,6.95,93,100,5.66,IS,1695765971
430,sovetskaya gavan',48.9723,140.2878,13.91,86,100,1.0,RU,1695765971
431,pandan,14.0453,124.1694,26.4,84,21,2.15,PH,1695765971
432,la'ie,21.6477,-157.9253,30.98,68,27,4.92,US,1695765971
433,fortuna,40.5982,-124.1573,21.63,69,20,5.14,US,1695765971
434,muncar,-8.4333,114.3333,21.68,91,77,0.55,ID,1695765972
435,oum hadjer,13.2954,19.6966,32.34,34,9,3.23,TD,1695765972
436,dawson creek,55.7666,-120.2362,17.8,39,20,5.14,CA,1695765972
437,shitanjing,39.2342,106.3439,11.56,28,100,1.99,CN,1695765973
438,mahendragarh,28.2833,76.15,28.08,54,0,2.17,IN,1695765973
439,hobyo,5.3505,48.5268,25.7,86,36,10.26,SO,1695765973
440,san luis de la loma,17.2706,-100.8939,30.66,71,27,2.54,MX,1695765974
441,nassau,40.7507,-73.5829,17.13,82,100,2.57,US,1695765508
442,khanty-mansiysk,61.0042,69.0019,2.06,100,0,2.0,RU,1695765974
443,timizart,36.8,4.2667,16.95,81,0,2.12,DZ,1695765974
444,san jose,37.3394,-121.895,28.15,45,20,25.03,US,1695765885
445,tindouf,27.6711,-8.1474,31.25,18,0,4.63,DZ,1695765974
446,sola,-13.8833,167.55,27.37,69,100,2.57,VU,1695765974
447,necochea,-38.5473,-58.7368,8.35,92,100,4.73,AR,1695765975
448,chernyshevskiy,63.0128,112.4714,1.36,78,100,2.16,RU,1695765975
449,bardai,11.65,7.2333,26.21,58,95,2.38,NG,1695765975
450,mukalla,14.5425,49.1242,28.12,85,16,3.39,YE,1695765975
451,tarime,-1.35,34.3667,19.38,80,69,0.81,TZ,1695765975
452,megion,61.0296,76.1136,6.01,73,100,5.41,RU,1695765975
453,huarmey,-10.0681,-78.1522,20.54,77,2,4.71,PE,1695765976
454,labasa,-16.4167,179.3833,28.85,72,58,1.99,FJ,1695765976
455,ciudad bolivar,8.1222,-63.5497,33.36,47,62,0.96,VE,1695765362
456,ulsteinvik,62.3432,5.8487,17.5,57,100,0.89,NO,1695765976
457,alice springs,-23.7,133.8833,14.75,41,4,2.06,AU,1695765757
458,igrim,63.1906,64.4162,8.9,89,100,8.05,RU,1695765976
459,spearfish,44.4908,-103.8594,26.26,39,0,6.69,US,1695765976
460,kill devil hills,36.0307,-75.676,22.21,81,100,6.17,US,1695765804
461,novhorod-sivers'kyy,52.0058,33.2615,11.31,72,42,2.84,UA,1695765977
462,yuanping,38.7153,112.7575,16.66,44,94,1.17,CN,1695765977
463,cooper's town,26.8667,-77.5167,28.17,76,100,3.57,BS,1695765977
464,dudinka,69.4058,86.1778,0.9,89,100,7.05,RU,1695765977
465,greenville,35.6127,-77.3663,23.09,82,75,4.12,US,1695765925
466,holstebro,56.3601,8.6161,15.56,85,100,3.81,DK,1695765977
467,gamboula,4.1178,15.1393,21.99,92,81,1.06,CF,1695765977
468,margate,51.3813,1.3862,15.94,88,47,0.45,GB,1695765977
469,east london,-33.0153,27.9116,14.52,78,100,10.43,ZA,1695765978
470,roosevelt,33.9668,-103.4505,29.95,27,2,3.48,US,1695765978
471,poronaysk,49.2167,143.1167,10.76,88,100,1.68,RU,1695765978
472,mcpherson,38.3708,-97.6642,34.5,23,32,2.86,US,1695765879
473,ixtlahuacan del rio,20.8667,-103.25,26.92,21,14,0.9,MX,1695765978
474,fortaleza,-3.7227,-38.5247,27.34,74,20,4.12,BR,1695765834
475,ingeniero guillermo n. juarez,-23.9,-61.85,21.32,66,74,10.62,AR,1695765978
476,kavalerovo,44.2661,135.0572,13.14,85,54,0.39,RU,1695765979
477,morococha,-11.5997,-76.1411,7.72,71,96,1.31,PE,1695765979
478,tosontsengel,48.7567,98.2839,-4.78,48,26,1.86,MN,1695765979
479,waddan,29.1614,16.139,23.35,38,0,2.69,LY,1695765979
480,tharad,24.3961,71.6267,28.52,74,33,3.01,IN,1695765979
481,saldanha,-33.0117,17.9442,12.03,85,0,4.66,ZA,1695765979
482,cave spring,37.2276,-80.0128,19.4,89,100,3.6,US,1695765979
483,shiyan,32.6475,110.7781,16.41,94,53,0.94,CN,1695765980
484,bilgaard,53.2155,5.7957,16.99,90,75,2.57,NL,1695765980
485,swakopmund,-22.6833,14.5333,15.47,47,0,3.01,NA,1695765980
486,pacasmayo,-7.4006,-79.5714,20.59,78,15,7.26,PE,1695765980
487,charters towers,-20.1,146.2667,19.59,63,3,5.71,AU,1695765980
488,naze,28.3667,129.4833,25.51,81,6,4.34,JP,1695765980
489,prineville,44.2999,-120.8345,18.06,44,100,3.6,US,1695765980
490,undurkhaan,47.3194,110.6556,3.79,59,64,2.83,MN,1695765981
491,sambava,-14.2667,50.1667,22.47,84,63,3.78,MG,1695765981
492,nizhnesortymskiy,62.4397,71.7603,3.52,88,81,3.15,RU,1695765981
493,sarriguren,42.8106,-1.5927,17.79,88,0,0.0,ES,1695765981
494,laguna,38.421,-121.4238,29.63,40,0,2.57,US,1695765981
495,jaru,-10.4389,-62.4664,36.17,30,45,3.04,BR,1695765981
496,okha,53.5739,142.9478,8.7,88,84,4.15,RU,1695765981
497,progreso,21.2833,-89.6667,28.39,78,72,4.34,MX,1695765982
498,sigli,5.3848,95.9609,25.88,80,100,1.71,ID,1695765982
499,kichmengskiy gorodok,59.9816,45.7854,10.53,85,100,2.68,RU,1695765982
500,acarau,-2.8856,-40.12,26.64,74,3,8.95,BR,1695765982
501,myeik,12.4333,98.6,25.5,90,100,4.51,MM,1695765982
502,nova xavantina,-14.6667,-52.35,36.04,19,51,2.05,BR,1695765982
503,gbadolite,4.2833,21.0167,22.5,94,86,1.2,CD,1695765983
504,cartagena,10.3997,-75.5144,31.79,58,20,2.57,CO,1695765829
505,chos malal,-37.3781,-70.2709,13.32,24,0,4.67,AR,1695765983
506,kiruna,67.8557,20.2251,9.51,76,75,7.2,SE,1695765983
507,kruisfontein,-34.0033,24.7314,12.71,79,99,4.96,ZA,1695765983
508,thisted,56.9552,8.6949,15.64,82,100,4.81,DK,1695765983
509,ciranjang-hilir,-6.82,107.2572,23.46,67,5,1.3,ID,1695765984
510,kone,-21.0595,164.8658,21.77,52,42,2.26,NC,1695765984
511,lihue,21.9789,-159.3672,28.77,63,0,7.72,US,1695765544
512,mirny,62.5353,113.9611,0.13,74,100,4.02,RU,1695765984
513,blanchard,35.1378,-97.6581,33.66,21,0,2.69,US,1695765984
514,chinde,26.8418,88.0763,17.41,86,28,1.93,NP,1695765984
515,harstad,68.799,16.5293,12.86,90,100,11.18,NO,1695765984
516,boali,4.8005,18.1275,22.86,94,31,0.83,CF,1695765985
517,lubu,23.1742,112.2809,25.05,90,36,0.81,CN,1695765985
518,santa maria da vitoria,-13.3947,-44.1886,32.45,30,71,1.59,BR,1695765795
519,barah,13.7,30.3667,29.48,50,58,6.15,SD,1695765985
520,dhuusamarreeb,5.535,46.3861,25.16,65,60,8.65,SO,1695765985
521,tidjikja,18.5564,-11.4271,35.3,16,5,4.25,MR,1695765985
522,daru,-9.0763,143.2092,25.37,82,100,7.43,PG,1695765985
523,katsuren-haebaru,26.3369,127.8719,27.43,94,40,1.54,JP,1695765986
524,ponta delgada,37.7333,-25.6667,23.99,88,75,7.72,PT,1695765986
525,baukau,51.5526,7.2042,20.66,67,98,1.94,DE,1695765986
526,port augusta,-32.5,137.7667,14.84,72,2,8.5,AU,1695765986
527,toliara,-23.35,43.6667,22.15,89,50,1.64,MG,1695765986
528,al kharijah,25.4514,30.5464,28.78,20,0,3.83,EG,1695765986
529,mogadishu,2.0371,45.3438,25.53,89,20,7.1,SO,1695765986
530,livingston,55.9029,-3.5226,11.93,92,75,1.54,GB,1695765918
531,pudozh,61.8099,36.5345,11.83,92,100,2.92,RU,1695765987
532,crixas,-14.5489,-49.9692,34.8,22,95,2.02,BR,1695765794
533,talara,-4.5772,-81.2719,24.42,69,0,7.79,PE,1695765987
534,boyalik,41.2634,28.6314,22.65,83,69,6.84,TR,1695765987
535,qui nhon,13.7667,109.2333,25.6,85,88,2.24,VN,1695765987
536,menongue,-14.6585,17.691,17.41,22,12,0.91,AO,1695765987
537,baswa,27.15,76.5833,27.32,68,7,0.09,IN,1695765987
538,natal,-5.795,-35.2094,26.36,78,20,5.14,BR,1695765831
539,inhambane,-23.865,35.3833,23.12,95,83,1.12,MZ,1695765987
540,northam,51.0333,-4.2167,12.99,95,100,3.15,GB,1695765988
541,tshabong,-26.05,22.45,12.58,53,0,3.24,BW,1695765988
542,novodvinsk,64.4165,40.8122,11.77,90,100,3.9,RU,1695765988
543,bodo,67.28,14.405,14.32,76,20,8.75,NO,1695765988
544,gaigeturi,33.4644,126.3183,23.03,83,40,2.57,KR,1695765988
545,ji'an,27.1172,114.9793,23.78,94,0,1.05,CN,1695765989
546,lethem,3.3803,-59.7968,30.1,54,87,1.75,GY,1695765989
547,saint-francois,46.4154,3.9054,13.69,94,0,1.54,FR,1695765989
548,kargasok,59.0556,80.8572,6.12,92,100,3.82,RU,1695765989
549,chernyshevsk,52.5243,117.0174,8.83,83,100,6.44,RU,1695765989
550,as sulayyil,20.4607,45.5779,30.14,15,0,2.9,SA,1695765989
551,jeddah,21.5169,39.2192,32.92,58,20,4.12,SA,1695765748
552,loreto,22.2667,-101.9667,28.19,22,6,7.12,MX,1695765989
553,island harbour,50.724,-1.2758,17.18,93,86,4.12,GB,1695765990
554,khandyga,62.6667,135.6,1.18,85,22,0.96,RU,1695765990
555,afif,23.9065,42.9172,28.98,15,74,4.86,SA,1695765990
556,nouadhibou,20.931,-17.0347,22.99,73,100,6.17,MR,1695765990
557,amahai,-3.3333,128.9167,24.24,82,81,1.26,ID,1695765990
